player_id,player_name,game_id,team,opponent,matchup,pred_tb,pred_hits,pred_k,tb_o15,hits_o05,k_o05,games_last_10,pa_last_10
605137,josh bell,,,,,3.8,0.0,0.8,89.3,1.0,55.1,5,15
641355,cody bellinger,,,,,4.12,0.0,0.2,91.7,1.0,18.1,5,13
663697,jonathan india,,,,,3.56,0.0,0.5,87.1,1.0,39.3,4,13
668901,mark vientos,,,,,3.74,0.0,0.67,88.7,1.0,48.7,3,11
672386,alejandro kirk,,,,,3.58,0.0,1.33,87.3,1.0,73.6,3,10
694497,evan carter,,,,,3.79,0.0,1.33,89.2,1.0,73.6,3,10
664238,dylan moore,,,,,4.52,0.4,0.4,94.0,33.0,33.0,5,12
686894,joey wiemer,,,,,4.52,0.57,0.14,94.0,43.5,13.3,7,16
600869,jeimer candelario,,,,,4.38,0.57,0.86,93.3,43.5,57.6,7,21
677649,ezequiel duran,,,,,4.37,0.75,0.75,93.2,52.8,52.8,4,11
624415,cavan biggio,,,,,4.27,0.5,0.75,92.6,39.3,52.8,4,10
665877,josé fermín,,,,,4.26,0.2,0.0,92.6,18.1,1.0,5,16
660688,keibert ruiz,,,,,4.26,0.2,0.0,92.6,18.1,1.0,5,13
807712,luke keaschall,,,,,4.25,1.0,0.0,92.5,63.2,1.0,5,16
681807,david fry,,,,,4.23,0.75,0.0,92.4,52.8,1.0,4,13
669360,Unknown Player,,,,,4.2,0.67,0.33,92.2,48.7,28.3,6,10
643446,jeff mcneil,,,,,4.2,0.25,0.0,92.2,22.1,1.0,4,12
669236,jeremiah jackson,,,,,4.15,1.5,0.0,91.9,77.7,1.0,4,10
694377,nick yorke,,,,,4.14,0.5,0.0,91.8,39.3,1.0,6,19
689414,liam hicks,,,,,4.12,0.5,0.25,91.7,39.3,22.1,4,13
642086,dominic smith,,,,,4.1,0.5,0.0,91.6,39.3,1.0,4,13
657136,connor wong,,,,,4.1,0.5,0.0,91.6,39.3,1.0,4,10
663586,austin riley,,,,,4.1,1.0,0.4,91.5,63.2,33.0,5,16
680636,Unknown Player,,,,,4.09,0.17,0.5,91.5,15.4,39.3,6,12
673962,josh jung,,,,,4.07,1.0,0.0,91.3,63.2,1.0,4,11
675961,alika williams,,,,,4.06,0.2,0.2,91.3,18.1,18.1,5,10
571448,nolan arenado,,,,,4.05,0.75,0.0,91.2,52.8,1.0,4,12
657757,gavin sheets,,,,,4.04,1.2,0.0,91.2,69.9,1.0,5,16
672761,wenceel pérez,,,,,4.04,0.25,0.75,91.2,22.1,52.8,4,10
694671,wyatt langford,,,,,4.04,1.0,0.25,91.1,63.2,22.1,4,15
641598,mitch garver,,,,,4.04,0.75,1.5,91.1,52.8,77.7,4,13
592192,mark canha,,,,,4.04,1.0,0.67,91.1,63.2,48.7,3,11
592626,joc pederson,,,,,4.04,0.5,1.75,91.1,39.3,82.6,4,14
680718,addison barger,,,,,4.01,0.6,0.8,90.9,45.1,55.1,5,13
682177,daniel schneemann,,,,,4.01,0.5,1.0,90.9,39.3,63.2,4,12
676439,hunter feduccia,,,,,4.01,0.25,2.0,90.9,22.1,86.5,4,12
669357,nolan gorman,,,,,4.01,0.33,1.0,90.9,28.3,63.2,3,10
679529,spencer torkelson,,,,,3.99,0.8,0.0,90.8,55.1,1.0,5,18
664023,ian happ,,,,,3.99,0.6,0.4,90.8,45.1,33.0,5,16
596142,gary sánchez,,,,,3.98,0.75,0.25,90.7,52.8,22.1,4,11
621035,chris taylor,,,,,3.97,0.67,1.33,90.6,48.7,73.6,3,10
664034,ty france,,,,,3.97,0.8,0.4,90.6,55.1,33.0,5,16
605141,mookie betts,,,,,3.96,0.67,0.17,90.6,48.7,15.4,6,19
669016,brandon marsh,,,,,3.96,0.6,0.4,90.5,45.1,33.0,5,16
664040,brandon lowe,,,,,3.96,0.75,1.25,90.5,52.8,71.3,4,13
657041,lane thomas,,,,,3.96,0.4,0.8,90.5,33.0,55.1,5,17
571657,kyle farmer,,,,,3.95,0.25,1.25,90.5,22.1,71.3,4,15
596117,garrett stubbs,,,,,3.95,0.2,0.6,90.4,18.1,45.1,5,14
681987,nate eaton,,,,,3.94,0.2,0.8,90.4,18.1,55.1,5,12
686676,korey lee,,,,,3.63,0.33,2.33,87.7,28.3,90.3,3,12
645302,víctor robles,,,,,3.93,1.33,1.0,90.3,73.6,63.2,3,12
694384,nolan schanuel,,,,,3.93,0.2,0.6,90.3,18.1,45.1,5,15
608070,josé ramírez,,,,,3.92,1.0,0.25,90.3,63.2,22.1,4,12
607208,trea turner,,,,,3.92,0.4,1.0,90.3,33.0,63.2,5,19
666018,jonathan aranda,,,,,3.91,0.8,0.8,90.2,55.1,55.1,5,16
680977,brendan donovan,,,,,3.91,1.5,0.33,90.2,77.7,28.3,6,23
650859,luis rengifo,,,,,3.91,0.83,0.17,90.2,56.5,15.4,6,19
467793,carlos santana,,,,,3.91,0.5,0.5,90.1,39.3,39.3,4,12
624431,jose trevino,,,,,3.9,0.8,0.4,90.1,55.1,33.0,5,13
671739,michael harris,,,,,3.9,0.4,0.2,90.1,33.0,18.1,5,14
596019,francisco lindor,,,,,3.9,0.5,0.75,90.1,39.3,52.8,4,16
519317,giancarlo stanton,,,,,3.9,0.6,0.6,90.1,45.1,45.1,5,13
687515,colby thomas,,,,,3.9,0.6,0.4,90.1,45.1,33.0,5,11
669394,jake burger,,,,,3.89,1.0,1.0,90.0,63.2,63.2,4,16
543510,james mccann,,,,,3.89,0.67,0.67,90.0,48.7,48.7,3,10
606115,orlando arcia,,,,,3.88,1.0,0.0,89.9,63.2,1.0,4,11
678489,jorge barrosa,,,,,3.87,1.17,0.33,89.9,68.9,28.3,6,17
663837,matt vierling,,,,,3.87,0.6,0.6,89.8,45.1,45.1,5,15
608348,carson kelly,,,,,3.86,1.0,0.25,89.8,63.2,22.1,4,13
657557,paul dejong,,,,,3.86,0.33,0.5,89.8,28.3,39.3,6,16
664059,sam haggerty,,,,,3.86,0.4,0.4,89.7,33.0,33.0,5,16
622268,donovan walton,,,,,3.86,0.29,0.14,89.7,24.9,13.3,7,12
681198,Unknown Player,,,,,3.86,0.57,0.0,89.7,43.5,1.0,7,21
669477,casey schmitt,,,,,3.86,0.6,0.4,89.7,45.1,33.0,5,13
641343,jake bauers,,,,,3.85,1.0,0.6,89.6,63.2,45.1,5,15
695257,billy cook,,,,,3.85,0.43,0.71,89.6,34.9,51.0,7,18
621566,matt olson,,,,,3.84,1.4,0.8,89.6,75.3,55.1,5,17
624428,adam frazier,,,,,3.84,0.29,0.43,89.6,24.9,34.9,7,20
663538,nico hoerner,,,,,3.84,1.6,0.4,89.6,79.8,33.0,5,16
678662,ezequiel tovar,,,,,3.83,0.75,1.25,89.5,52.8,71.3,4,14
545341,randal grichuk,,,,,3.83,0.2,0.6,89.5,18.1,45.1,5,15
682998,corbin carroll,,,,,3.83,0.25,1.25,89.5,22.1,71.3,4,13
675085,Unknown Player,,,,,3.83,0.2,1.0,89.5,18.1,63.2,5,14
680574,matt mclain,,,,,3.83,1.6,0.4,89.5,79.8,33.0,5,17
650559,bryan de la cruz,,,,,3.83,1.0,0.17,89.5,63.2,15.4,6,19
592206,nick castellanos,,,,,3.83,0.25,0.5,89.5,22.1,39.3,4,13
683766,christian koss,,,,,3.83,0.8,0.8,89.5,55.1,55.1,5,15
665953,andrés chaparro,,,,,3.83,0.14,0.57,89.5,13.3,43.5,7,17
592273,brandon drury,,,,,3.82,0.25,1.25,89.5,22.1,71.3,4,13
680776,jarren duran,,,,,3.82,0.6,0.8,89.5,45.1,55.1,5,16
694212,samuel basallo,,,,,3.82,1.25,0.5,89.5,71.3,39.3,4,13
666310,bo naylor,,,,,3.82,0.75,1.0,89.5,52.8,63.2,4,15
624424,michael conforto,,,,,3.82,1.2,0.4,89.4,69.9,33.0,5,17
668952,ryan kreidler,,,,,3.82,0.25,0.25,89.4,22.1,22.1,4,10
642851,austin wynns,,,,,3.82,0.5,1.25,89.4,39.3,71.3,4,11
606192,teoscar hernández,,,,,3.82,1.17,0.67,89.4,68.9,48.7,6,18
630105,jake cronenworth,,,,,3.81,0.8,0.4,89.4,55.1,33.0,5,15
663757,trent grisham,,,,,3.81,0.6,0.6,89.4,45.1,45.1,5,15
656811,ryan o'hearn,,,,,3.81,0.2,0.8,89.4,18.1,55.1,5,17
668723,ryan vilade,,,,,3.81,0.4,0.4,89.3,33.0,33.0,5,14
687749,Unknown Player,,,,,3.81,0.6,1.0,89.3,45.1,63.2,5,12
667670,brent rooker,,,,,3.81,1.25,0.25,89.3,71.3,22.1,4,11
665750,leody taveras,,,,,3.81,0.25,1.5,89.3,22.1,77.7,4,13
570560,yolmer sánchez,,,,,3.81,0.38,0.5,89.3,31.3,39.3,8,19
687462,spencer horwitz,,,,,3.81,0.4,0.4,89.3,33.0,33.0,5,16
643396,isiah kiner-falefa,,,,,3.8,0.33,0.33,89.3,28.3,28.3,6,16
702284,cole young,,,,,3.8,1.0,0.8,89.3,63.2,55.1,5,16
662139,daulton varsho,,,,,3.8,0.8,0.4,89.3,55.1,33.0,5,15
805808,Unknown Player,,,,,3.8,0.6,0.4,89.3,45.1,33.0,5,16
502671,paul goldschmidt,,,,,3.8,0.5,0.75,89.2,39.3,52.8,4,12
666969,adolis garcía,,,,,3.8,1.2,0.6,89.2,69.9,45.1,5,17
696100,hunter goodman,,,,,3.8,1.17,0.33,89.2,68.9,28.3,6,21
691176,jasson domínguez,,,,,3.8,0.5,0.25,89.2,39.3,22.1,4,12
701762,nick kurtz,,,,,3.79,0.6,1.0,89.2,45.1,63.2,5,15
678246,miguel vargas,,,,,3.79,0.4,0.4,89.2,33.0,33.0,5,19
683737,michael busch,,,,,3.79,0.6,0.4,89.2,45.1,33.0,5,16
624641,edmundo sosa,,,,,3.78,0.6,0.2,89.1,45.1,18.1,5,13
543760,marcus semien,,,,,3.78,1.0,0.75,89.1,63.2,52.8,4,15
676356,jonny deluca,,,,,3.78,0.8,0.2,89.1,55.1,18.1,5,13
680777,ryan jeffers,,,,,3.78,0.6,0.4,89.1,45.1,33.0,5,15
681297,colton cowser,,,,,3.78,0.2,1.2,89.1,18.1,69.9,5,16
691785,marcelo mayer,,,,,3.78,0.2,0.4,89.1,18.1,33.0,5,17
677950,alek thomas,,,,,3.77,0.8,0.6,89.0,55.1,45.1,5,15
664728,kyle isbel,,,,,3.77,1.2,0.0,89.0,69.9,1.0,5,11
682622,noelvi marte,,,,,3.77,0.43,0.86,89.0,34.9,57.6,7,19
661388,william contreras,,,,,3.77,1.67,0.33,89.0,81.1,28.3,3,10
666181,will benson,,,,,3.77,0.5,0.33,89.0,39.3,28.3,6,16
690993,colt keith,,,,,3.77,0.5,0.5,89.0,39.3,39.3,6,18
543807,george springer,,,,,3.77,1.4,0.4,89.0,75.3,33.0,5,15
607043,brandon nimmo,,,,,3.77,0.5,1.25,89.0,39.3,71.3,4,16
687363,victor scott,,,,,3.77,0.5,0.5,89.0,39.3,39.3,4,13
801126,Unknown Player,,,,,3.77,0.5,0.5,89.0,39.3,39.3,4,11
805779,jacob wilson,,,,,3.77,0.75,0.0,89.0,52.8,1.0,4,12
676369,nelson velázquez,,,,,3.76,1.33,0.0,89.0,73.6,1.0,3,10
681123,Unknown Player,,,,,3.76,0.6,0.6,88.9,45.1,45.1,5,11
670242,matt wallner,,,,,3.76,1.5,0.5,88.9,77.7,39.3,4,13
686823,will brennan,,,,,3.76,0.25,0.25,88.9,22.1,22.1,4,10
656775,cedric mullins,,,,,3.76,0.6,0.6,88.9,45.1,45.1,5,15
695600,carter jensen,,,,,3.76,0.2,0.8,88.9,18.1,55.1,5,16
695578,james wood,,,,,3.76,0.8,1.6,88.9,55.1,79.8,5,21
681624,andy pages,,,,,3.76,0.67,0.33,88.9,48.7,28.3,6,18
808959,Unknown Player,,,,,3.76,0.75,0.75,88.9,52.8,52.8,4,15
592885,christian yelich,,,,,3.75,0.4,0.8,88.9,33.0,55.1,5,17
670042,luke raley,,,,,3.75,1.0,0.83,88.9,63.2,56.5,6,21
668804,bryan reynolds,,,,,3.75,0.8,0.8,88.8,55.1,55.1,5,16
690022,ryan ritter,,,,,3.75,0.83,0.5,88.8,56.5,39.3,6,15
807713,matt shaw,,,,,3.75,0.83,0.83,88.8,56.5,56.5,6,19
691016,tyler soderstrom,,,,,3.75,0.25,0.5,88.8,22.1,39.3,4,11
681546,james outman,,,,,3.75,0.5,0.83,88.8,39.3,56.5,6,17
702176,alan roden,,,,,3.75,0.75,0.5,88.8,52.8,39.3,4,13
669289,santiago espinal,,,,,3.74,0.5,0.33,88.8,39.3,28.3,6,15
643565,mike tauchman,,,,,3.74,0.67,1.33,88.8,48.7,73.6,3,10
608369,corey seager,,,,,3.74,0.75,1.0,88.8,52.8,63.2,4,15
683002,gunnar henderson,,,,,3.74,1.0,0.67,88.8,63.2,48.7,3,11
655316,andruw monasterio,,,,,3.74,0.5,0.33,88.7,39.3,28.3,6,12
677800,wilyer abreu,,,,,3.74,0.67,1.0,88.7,48.7,63.2,3,10
802415,chandler simpson,,,,,3.74,0.83,0.17,88.7,56.5,15.4,6,14
660844,leo rivas,,,,,3.74,0.29,0.57,88.7,24.9,43.5,7,18
669707,jared triolo,,,,,3.73,0.5,1.0,88.7,39.3,63.2,4,12
700250,ben rice,,,,,3.73,0.4,1.2,88.7,33.0,69.9,5,17
665561,rafael marchán,,,,,3.73,0.25,0.75,88.7,22.1,52.8,4,12
664983,jake mccarthy,,,,,3.73,1.67,0.5,88.7,81.1,39.3,6,22
681481,kerry carpenter,,,,,3.73,0.33,1.0,88.6,28.3,63.2,6,20
663886,tyler stephenson,,,,,3.73,0.67,1.17,88.6,48.7,68.9,6,18
668904,royce lewis,,,,,3.73,0.5,0.67,88.6,39.3,48.7,6,20
608701,rob refsnyder,,,,,3.73,0.25,1.5,88.6,22.1,77.7,4,15
687263,zach neto,,,,,3.73,0.4,1.0,88.6,33.0,63.2,5,15
687597,jordan beck,,,,,3.72,0.83,1.17,88.6,56.5,68.9,6,21
678882,ceddanne rafaela,,,,,3.72,1.33,0.67,88.6,73.6,48.7,6,19
643217,andrew benintendi,,,,,3.72,0.75,1.5,88.5,52.8,77.7,4,15
700932,kyle manzardo,,,,,3.72,0.67,1.33,88.5,48.7,73.6,6,19
680779,henry davis,,,,,3.72,0.75,0.75,88.5,52.8,52.8,4,12
669003,garrett mitchell,,,,,3.71,0.2,2.0,88.5,18.1,86.5,5,19
641658,garrett hampson,,,,,3.71,0.57,0.43,88.5,43.5,34.9,7,14
609280,miguel andújar,,,,,3.71,0.2,0.6,88.5,18.1,45.1,5,16
656976,pavin smith,,,,,3.71,1.0,0.75,88.5,63.2,52.8,4,13
663993,nathaniel lowe,,,,,3.71,0.67,0.33,88.5,48.7,28.3,6,14
663647,ke'bryan hayes,,,,,3.71,0.4,0.6,88.5,33.0,45.1,5,15
676609,josé caballero,,,,,3.71,0.4,0.6,88.4,33.0,45.1,5,15
665804,miguel amaya,,,,,3.71,1.0,0.6,88.4,63.2,45.1,5,16
680757,steven kwan,,,,,3.71,0.4,0.6,88.4,33.0,45.1,5,18
701398,sal stewart,,,,,3.7,0.71,0.43,88.4,51.0,34.9,7,21
696486,Unknown Player,,,,,3.7,0.75,0.5,88.4,52.8,39.3,4,12
668227,randy arozarena,,,,,3.7,0.67,1.0,88.4,48.7,63.2,6,21
671976,tristan peters,,,,,3.7,0.6,0.4,88.4,45.1,33.0,5,13
668715,spencer steer,,,,,3.7,0.83,0.5,88.4,56.5,39.3,6,17
686217,sal frelick,,,,,3.7,0.8,0.4,88.4,55.1,33.0,5,16
663656,kyle tucker,,,,,3.7,0.8,0.6,88.4,55.1,45.1,5,16
687221,dalton rushing,,,,,3.7,0.5,0.67,88.4,39.3,48.7,6,17
805367,chase meidroth,,,,,3.7,1.4,0.6,88.3,75.3,45.1,5,19
656484,tristan gray,,,,,3.7,0.5,0.83,88.3,39.3,56.5,6,16
624413,pete alonso,,,,,3.7,0.67,0.83,88.3,48.7,56.5,6,19
672613,Unknown Player,,,,,3.7,0.25,0.75,88.3,22.1,52.8,4,10
642708,amed rosario,,,,,3.7,1.0,0.4,88.3,63.2,33.0,5,14
663728,cal raleigh,,,,,3.7,0.67,1.67,88.3,48.7,81.1,3,13
678894,liover peguero,,,,,3.69,0.33,0.83,88.3,28.3,56.5,6,14
663330,jahmai jones,,,,,3.69,0.75,1.0,88.3,52.8,63.2,4,10
656716,zach mckinstry,,,,,3.69,0.5,0.33,88.3,39.3,28.3,6,14
669304,josé miranda,,,,,3.68,0.2,0.4,88.2,18.1,33.0,5,11
641820,trey mancini,,,,,3.68,0.38,0.25,88.2,31.3,22.1,8,16
663968,jake mangum,,,,,3.68,0.6,1.2,88.2,45.1,69.9,5,14
666931,jared oliva,,,,,3.68,0.5,0.25,88.2,39.3,22.1,4,10
685274,Unknown Player,,,,,3.68,0.5,0.38,88.2,39.3,31.3,8,12
668942,josh rojas,,,,,3.68,0.5,0.5,88.2,39.3,39.3,4,11
678554,curtis mead,,,,,3.68,0.33,0.67,88.2,28.3,48.7,3,10
514888,josé altuve,,,,,3.68,0.5,1.25,88.2,39.3,71.3,4,12
701675,nathan church,,,,,3.68,0.5,0.25,88.2,39.3,22.1,4,11
701350,roman anthony,,,,,3.68,1.0,1.0,88.2,63.2,63.2,3,11
518692,freddie freeman,,,,,3.67,0.83,0.5,88.1,56.5,39.3,6,19
628451,andy ibáñez,,,,,3.67,0.8,0.6,88.1,55.1,45.1,5,14
690976,alex freeland,,,,,3.67,0.2,1.0,88.1,18.1,63.2,5,17
694374,tim tawa,,,,,3.67,0.67,0.5,88.1,48.7,39.3,6,15
543309,kyle higashioka,,,,,3.67,0.75,0.75,88.1,52.8,52.8,4,11
676679,luis vázquez,,,,,3.67,0.33,1.0,88.1,28.3,63.2,3,10
679845,nick loftin,,,,,3.66,0.67,0.5,88.1,48.7,39.3,6,14
624512,reese mcguire,,,,,3.66,0.4,1.0,88.0,33.0,63.2,5,14
669701,josh smith,,,,,3.66,0.75,1.25,88.0,52.8,71.3,4,16
805249,otto kemp,,,,,3.66,0.83,1.0,88.0,56.5,63.2,6,19
682985,riley greene,,,,,3.66,1.17,0.83,88.0,68.9,56.5,6,19
672356,gabriel arias,,,,,3.66,0.83,0.5,88.0,56.5,39.3,6,19
677588,josé tena,,,,,3.66,0.33,0.33,88.0,28.3,28.3,6,13
682657,angel martínez,,,,,3.66,0.83,0.33,88.0,56.5,28.3,6,14
624585,jorge soler,,,,,3.65,0.8,1.4,88.0,55.1,75.3,5,16
457705,andrew mccutchen,,,,,3.65,0.5,1.0,87.9,39.3,63.2,4,12
656537,derek hill,,,,,3.65,0.75,1.0,87.9,52.8,63.2,4,13
666023,freddy fermin,,,,,3.65,0.6,0.4,87.9,45.1,33.0,5,14
663698,joey bart,,,,,3.65,0.5,1.5,87.9,39.3,77.7,4,11
691723,coby mayo,,,,,3.65,0.25,0.75,87.9,22.1,52.8,4,12
666182,bo bichette,,,,,3.65,1.4,0.2,87.9,75.3,18.1,5,15
676475,alec burleson,,,,,3.65,1.5,0.75,87.9,77.7,52.8,4,14
686797,brooks lee,,,,,3.65,1.17,0.33,87.9,68.9,28.3,6,20
670541,yordan álvarez,,,,,3.65,0.5,1.0,87.9,39.3,63.2,4,11
650490,yandy díaz,,,,,3.65,1.33,0.5,87.9,73.6,39.3,6,22
656413,stuart fairchild,,,,,3.65,0.6,1.4,87.9,45.1,75.3,5,17
663616,trevor larnach,,,,,3.65,0.67,0.67,87.9,48.7,48.7,3,11
669743,alex call,,,,,3.65,0.75,0.25,87.9,52.8,22.1,4,12
657656,ramón laureano,,,,,3.64,0.6,1.0,87.9,45.1,63.2,5,16
605170,víctor caratini,,,,,3.64,0.25,1.25,87.9,22.1,71.3,4,13
672695,geraldo perdomo,,,,,3.64,0.75,0.25,87.8,52.8,22.1,4,12
663624,ryan mountcastle,,,,,3.64,1.0,1.0,87.8,63.2,63.2,5,14
691023,jordan walker,,,,,3.64,0.33,1.33,87.8,28.3,73.6,3,11
691026,masyn winn,,,,,3.64,0.5,1.0,87.8,39.3,63.2,4,14
694208,moisés ballesteros,,,,,3.64,1.0,0.33,87.8,63.2,28.3,6,17
696030,alejandro osuna,,,,,3.64,0.8,0.2,87.8,55.1,18.1,5,14
683734,andrew vaughn,,,,,3.64,1.2,0.8,87.8,69.9,55.1,5,17
686551,Unknown Player,,,,,3.63,0.33,1.17,87.8,28.3,68.9,6,14
802139,Unknown Player,,,,,3.63,0.33,0.67,87.8,28.3,48.7,3,10
664731,p. j. higgins,,,,,3.63,0.14,0.71,87.8,13.3,51.0,7,15
641584,jake fraley,,,,,3.63,0.8,0.4,87.7,55.1,33.0,5,13
641555,j. c. escarra,,,,,3.63,1.0,0.25,87.7,63.2,22.1,4,11
665861,sebastián rivero,,,,,3.63,0.33,0.33,87.7,28.3,28.3,6,13
682829,elly de la cruz,,,,,3.63,0.67,0.83,87.7,48.7,56.5,6,19
701394,Unknown Player,,,,,3.63,0.5,0.75,87.7,39.3,52.8,4,10
571970,max muncy,,,,,3.63,0.8,0.8,87.7,55.1,55.1,5,16
682868,bryan ramos,,,,,3.63,1.0,1.0,87.7,63.2,63.2,4,13
683146,brett baty,,,,,3.63,0.75,0.5,87.7,52.8,39.3,4,14
666176,jo adell,,,,,3.63,1.2,1.6,87.7,69.9,79.8,5,16
542194,christian bethancourt,,,,,3.62,1.0,1.0,87.7,63.2,63.2,4,10
672724,oswald peraza,,,,,3.62,0.75,0.5,87.7,52.8,39.3,4,14
671277,luis garcía,,,,,3.62,0.5,0.83,87.7,39.3,56.5,6,19
695734,daylen lile,,,,,3.62,0.8,0.6,87.7,55.1,45.1,5,20
622761,jorge mateo,,,,,3.62,0.75,0.25,87.6,52.8,22.1,4,14
666139,josh lowe,,,,,3.62,1.25,1.25,87.6,71.3,71.3,4,16
687859,troy johnston,,,,,3.62,1.0,1.0,87.6,63.2,63.2,6,14
694728,brice matthews,,,,,3.62,0.75,0.5,87.6,52.8,39.3,4,12
670770,tj friedl,,,,,3.62,1.25,0.25,87.6,71.3,22.1,4,12
683083,nasim nuñez,,,,,3.62,0.33,0.5,87.6,28.3,39.3,6,18
593871,jorge polanco,,,,,3.62,1.0,0.25,87.6,63.2,22.1,4,15
682634,kevin alcántara,,,,,3.61,1.0,0.75,87.6,63.2,52.8,4,15
647351,abraham toro,,,,,3.61,1.0,0.5,87.6,63.2,39.3,4,12
656582,connor joe,,,,,3.61,1.5,0.75,87.5,77.7,52.8,4,14
682641,luis matos,,,,,3.61,0.6,0.4,87.5,45.1,33.0,5,16
666152,david hamilton,,,,,3.61,1.17,0.33,87.5,68.9,28.3,6,16
695657,colson montgomery,,,,,3.61,0.2,2.0,87.5,18.1,86.5,5,20
677592,everson pereira,,,,,3.6,1.33,1.0,87.4,73.6,63.2,3,12
672275,patrick bailey,,,,,3.6,0.33,0.67,87.4,28.3,48.7,3,10
664761,alec bohm,,,,,3.6,0.6,0.6,87.4,45.1,45.1,5,17
810938,ben williamson,,,,,3.6,0.6,0.6,87.4,45.1,45.1,5,15
593428,xander bogaerts,,,,,3.6,0.6,0.8,87.4,45.1,55.1,5,14
689172,brett wisely,,,,,3.6,1.25,0.5,87.4,71.3,39.3,4,13
643289,mauricio dubón,,,,,3.6,1.0,0.4,87.4,63.2,33.0,5,16
691406,junior caminero,,,,,3.59,0.5,0.5,87.4,39.3,39.3,4,12
665019,kody clemens,,,,,3.59,0.75,0.75,87.4,52.8,52.8,4,15
645277,ozzie albies,,,,,3.59,0.4,0.6,87.4,33.0,45.1,5,16
800050,chase delauter,,,,,3.59,1.4,0.6,87.3,75.3,45.1,5,17
691777,max muncy,,,,,3.59,0.8,0.8,87.3,55.1,55.1,5,15
676070,jacob amaya,,,,,3.59,1.5,1.25,87.3,77.7,71.3,4,12
673357,luis robert,,,,,3.59,1.25,0.75,87.3,71.3,52.8,4,15
666160,mickey moniak,,,,,3.59,0.5,2.0,87.3,39.3,86.5,4,14
596115,trevor story,,,,,3.59,1.5,0.75,87.3,77.7,52.8,4,15
678009,parker meadows,,,,,3.59,0.75,0.5,87.3,52.8,39.3,4,11
621020,dansby swanson,,,,,3.59,0.6,1.2,87.3,45.1,69.9,5,16
545361,mike trout,,,,,3.58,1.0,0.6,87.2,63.2,45.1,5,14
668939,adley rutschman,,,,,3.58,1.25,0.25,87.2,71.3,22.1,4,14
687551,drew gilbert,,,,,3.57,1.67,0.67,87.2,81.1,48.7,3,15
650968,yohel pozo,,,,,3.57,0.5,0.75,87.2,39.3,52.8,4,12
681082,bryson stott,,,,,3.57,1.2,0.4,87.2,69.9,33.0,5,17
805904,zach cole,,,,,3.57,0.5,2.0,87.2,39.3,86.5,4,14
700246,carson williams,,,,,3.57,0.2,0.8,87.1,18.1,55.1,5,11
686668,brenton doyle,,,,,3.57,1.0,0.33,87.1,63.2,28.3,6,20
702332,caleb durbin,,,,,3.57,1.0,0.5,87.1,63.2,39.3,6,19
664068,scott kingery,,,,,3.57,0.67,1.17,87.1,48.7,68.9,6,19
693307,dillon dingler,,,,,3.57,1.0,0.17,87.1,63.2,15.4,6,17
691740,Unknown Player,,,,,3.57,0.75,0.5,87.1,52.8,39.3,4,12
545121,ildemaro vargas,,,,,3.57,0.83,0.17,87.1,56.5,15.4,6,14
667472,dane myers,,,,,3.56,0.8,0.8,87.1,55.1,55.1,5,15
694376,shay whitcomb,,,,,3.56,1.0,0.25,87.1,63.2,22.1,4,10
665966,carlos narváez,,,,,3.56,0.4,0.8,87.1,33.0,55.1,5,13
621438,tyrone taylor,,,,,3.56,0.67,1.0,87.1,48.7,63.2,3,11
687231,darell hernaiz,,,,,3.56,0.75,0.75,87.0,52.8,52.8,4,10
807799,masataka yoshida,,,,,3.56,0.5,0.75,87.0,39.3,52.8,4,16
542303,marcell ozuna,,,,,3.56,0.6,0.6,87.0,45.1,45.1,5,16
669134,luis campusano,,,,,3.56,0.75,0.75,87.0,52.8,52.8,4,12
687401,joey ortiz,,,,,3.56,0.8,0.6,87.0,55.1,45.1,5,17
516782,starling marte,,,,,3.56,0.75,0.75,87.0,52.8,52.8,4,14
701807,Unknown Player,,,,,3.56,1.0,0.67,87.0,63.2,48.7,3,11
665828,oswaldo cabrera,,,,,3.55,0.8,0.6,86.9,55.1,45.1,5,13
806198,Unknown Player,,,,,3.55,0.6,0.4,86.9,45.1,33.0,5,11
650489,willi castro,,,,,3.55,1.25,1.0,86.9,71.3,63.2,4,13
693304,nick gonzales,,,,,3.55,0.6,0.8,86.9,45.1,55.1,5,15
669208,ryan bliss,,,,,3.55,0.75,1.25,86.9,52.8,71.3,4,12
696285,jacob young,,,,,3.55,0.25,0.5,86.9,22.1,39.3,4,11
500743,miguel rojas,,,,,3.54,1.4,0.2,86.8,75.3,18.1,5,15
669369,bryce johnson,,,,,3.54,0.6,0.6,86.8,45.1,45.1,5,12
666397,edouard julien,,,,,3.54,0.83,1.17,86.8,56.5,68.9,6,21
686948,drake baldwin,,,,,3.54,1.25,0.75,86.8,71.3,52.8,4,17
691720,kyle karros,,,,,3.54,1.0,0.6,86.8,63.2,45.1,5,15
656555,rhys hoskins,,,,,3.53,0.8,0.4,86.8,55.1,33.0,5,15
677594,julio rodríguez,,,,,3.53,1.0,0.67,86.8,63.2,48.7,3,11
665833,oneil cruz,,,,,3.53,0.75,1.25,86.7,52.8,71.3,4,14
660162,yoán moncada,,,,,3.53,0.8,1.4,86.7,55.1,75.3,5,16
804606,Unknown Player,,,,,3.53,0.25,0.75,86.7,22.1,52.8,4,10
682928,cj abrams,,,,,3.53,1.2,0.4,86.7,69.9,33.0,5,16
621028,kevin newman,,,,,3.52,0.75,0.75,86.7,52.8,52.8,4,12
694192,jackson chourio,,,,,3.52,1.33,0.67,86.7,73.6,48.7,3,10
700337,edgar quero,,,,,3.52,0.5,0.75,86.6,39.3,52.8,4,15
676914,davis schneider,,,,,3.52,0.5,0.75,86.6,39.3,52.8,4,11
592663,j. t. realmuto,,,,,3.52,0.5,0.5,86.6,39.3,39.3,4,12
660821,jesús sánchez,,,,,3.52,0.8,0.6,86.6,55.1,45.1,5,13
647304,josh naylor,,,,,3.52,1.33,0.33,86.6,73.6,28.3,3,11
665862,jazz chisholm,,,,,3.51,0.6,0.8,86.5,45.1,55.1,5,15
669720,austin hays,,,,,3.5,1.0,0.67,86.4,63.2,48.7,3,11
681047,Unknown Player,,,,,3.5,0.2,0.6,86.4,18.1,45.1,5,11
680474,max schuemann,,,,,3.5,0.43,0.57,86.4,34.9,43.5,7,17
692216,c. j. kayfus,,,,,3.49,1.0,0.5,86.3,63.2,39.3,6,18
701538,jackson merrill,,,,,3.49,0.4,0.6,86.3,33.0,45.1,5,16
664770,nathan lukes,,,,,3.48,1.2,0.2,86.2,69.9,18.1,5,14
672016,denzel clarke,,,,,3.48,0.2,0.6,86.2,18.1,45.1,5,15
808975,hyeseong kim,,,,,3.48,1.0,0.5,86.2,63.2,39.3,4,13
691781,brady house,,,,,3.46,1.2,0.2,86.0,69.9,18.1,5,15
682668,luisangel acuña,,,,,3.46,0.8,0.4,85.9,55.1,33.0,5,15
669326,bryce teodosio,,,,,3.44,0.29,0.57,85.8,24.9,43.5,7,21
663604,brandon lockridge,,,,,3.44,1.2,0.6,85.7,69.9,45.1,5,16
641857,ryan mcmahon,,,,,3.43,1.0,1.0,85.6,63.2,63.2,5,15
666185,dylan carlson,,,,,3.43,0.67,1.17,85.6,48.7,68.9,6,19
575929,willson contreras,,,,,3.42,0.75,0.5,85.6,52.8,39.3,4,12
677942,blaze alexander,,,,,3.42,0.5,0.75,85.5,39.3,52.8,4,10
681351,logan o'hoppe,,,,,3.4,0.25,0.5,85.3,22.1,39.3,4,12
642180,tyler wade,,,,,3.4,1.0,0.67,85.3,63.2,48.7,3,10
691783,jordan lawlar,,,,,3.37,1.0,0.6,85.0,63.2,45.1,5,15
702222,Unknown Player,,,,,3.37,0.8,0.8,85.0,55.1,55.1,5,15
595879,javier báez,,,,,3.21,1.0,0.6,83.0,63.2,45.1,5,15
